{
    "people":["😀","😬","😁","😂","😃","😄","😅","😆","😇","😉","😊","🙂","🙃","☺️","😋","😌","😍","😘","😗","😙","😚","😜","😝","😛","🤑","🤓","😎","🤗","😏","😶","😐","😑","😒","🙄","🤔","😳","😞","😟","😠","😡","😔","😕","🙁","☹️","😣","😖","😫","😩","😤","😮","😱","😨","😰","😯","😦","😧","😢","😥","😪","😓","😭","😵","😲","🤐","😷","🤒","🤕","😴","💤","💩","😈","👿","👹","👺","💀","👻","👽","🤖","😺","😸","😹","😻","😼","😽","🙀","😿","😾","🙌","👏","👋","👍","👎","👊","✊","✌","👌","✋","👐","💪","🙏","☝","👆","👇","👈","👉","🖕","🖐","🤘","🖖","✍","💅","👄","👅","👂","👃","👁","👀","👶","👦","👧","👨","👩","👱","👴","👵","👲","👳","👮","👷","💂","🕵","🎅","👼","👸","👰","🚶","🏃","💃","👫","👪","👬","👭","💏","💑","👯","🙆","🙅","💁","🙋","💆","💇","💅","👰","🙎","🙍","🙇","🎀","🌂","💄","💛","💙","💜","💚","❤️","💔","💗","💓","💕","💖","💞","💘","💌","💋","💍","💎","👤","👥","💬","👣","💭"],
    "flower":["🐶","🐱","🐭","🐹","🐰","🐻","🐼","🐨","🐯","🦁","🐮","🐷","🐽","🐸","🐙","🐵","🙈","🙉","🙊","🐒","🐔","🐧","🐦","🐤","🐣","🐥","🐺","🐗","🐴","🦄","🐝","🐛","🐌","🐞","🐜","🕷","🦂","🦀","🐍","🐢","🐠","🐟","🐡","🐬","🐳","🐋","🐊","🐆","🐅","🐃","🐂","🐄","🐪","🐫","🐘","🐐","🐏","🐑","🐎","🐖","🐀","🐁","🐓","🦃","🕊","🐕","🐩","🐈","🐇","🐿","🐾","🐉","🐲","🌵","🎄","🌲","🌳","🌴","🌱","🌿","☘","🍀","🎍","🎋","🍃","🍂","🍁","🌾","🌺","🌻","🌹","🌷","🌼","🌸","💐","🍄","🌰","🎃","🐚","🕸","🌎","🌍","🌏","🌕","🌖","🌗","🌘","🌑","🌒","🌓","🌔","🌚","🌝","🌛","🌜","🌞","🌙","⭐️","🌟","💫","✨","☄","☀️","🌤","⛅️","🌥","🌦","☁️","🌧","⛈","🌩","⚡️","🔥","💥","❄️","🌨","☃","⛄️","🌬","💨","🌪","🌫","☂","☔️","💧","💦","🌊"],
    "bell":["🍏","🍎","🍐","🍊","🍋","🍌","🍉","🍇","🍓","🍈","🍒","🍑","🍍","🍅","🍆","🌶","🌽","🍠","🍯","🍞","🧀","🍗","🍖","🍤","🍳","🍔","🍟","🌭","🍕","🍝","🌮","🌯","🍜","🍲","🍥","🍣","🍱","🍛","🍙","🍚","🍘","🍢","🍡","🍧","🍨","🍦","🍰","🎂","🍮","🍬","🍭","🍫","🍿","🍩","🍪","🍺","🍻","🍷","🍸","🍹","🍾","🍶","🍵","☕️","🍼","🍴","🍽","🎩","👑","👒","👟","👞","👡","👠","👢","👕","👔","👚","👗","🎽","👖","👘","👙","💼","👜","👝","👛","👓","🎍","💝","🎎","🎒","🎓","🎏","🎆","🎇","🎐","🎑","🎃","👻","🎅","🎄","🎁","🎋","🎉","🎊","🎈","🎌","🔮","🎥","📷","📹","📼","💿","📀","💽","💾","💻","📱","☎️","📞","📟","📠","📡","📺","📻","🔊","🔉","🔈","🔇","🔔","🔕","📢","📣","⏳","⌛️","⏰","⌚️","🏈","🏀","⚽️","⚾️","🎾","🎱","🏉","🎳","⛳️","🚵","🚴","🏁","🏇","🏆","🎿","🏂","🏊","🏄","🎣"],
    "vehicle":["🏠","⛵️","🚤","🚣","⚓️","🚀","✈️","💺","🚁","🚂","🚊","🚉","🚞","🚆","🚄","🚅","🚈","🚇","🚝","🚋","🚃","🚎","🚌","🚍","🚙","🚘","🚗","🚕","🚖","🚛","🚚","🚨","🚓","🚔","🚒","🚑","🚐","🚲","🚡","🚟","🚠","🚜","💈","🚏","🎫","🚦","🚥","⚠️","🚧","🔰","⛽️","🏮","🎰","♨️","🗿","🎪","🎭","📍","🚩","🇯🇵","🇰🇷","🇩🇪","🇨🇳","🇺🇸","🇫🇷","🇪🇸","🇮🇹","🇷🇺","🇬🇧"],
    "number":["1⃣","2⃣","3⃣","4⃣","5⃣","6⃣","7⃣","8⃣","9⃣","0⃣","🔟","🚻","🚹","🚺","🚼","🚾","🚰","🚮","🅿️","♿️","🚭","🚫","🔞","📵","🚯","🚱","🚳","🚷","🚸","⛔️","🅰","🅱","🆎","🅾","♻️","♈️","♉️","♊️","♋️","♌️","♍️","♎️","♏️","♐️","♑️","♒️","♓️","⛎","🔯","🏧","💹","💲","❌","‼️","⁉️","❗️","❓","⭕️","🕛","✖️","➕","➖","➗","♠️","♥️","♣️","♦️","💮","💯","✔️","☑️","🔘","🔗"]
}